{
	"class_name" : "PinholeCameraParameters",
	"extrinsic" : 
	[
		0.010819361701513224,
		-0.62522818413873882,
		0.78036700287169203,
		0.0,
		-0.99932758799945498,
		0.020581009456342537,
		0.030344586221428944,
		0.0,
		-0.035033031207185379,
		-0.78017058378814408,
		-0.62458509981915444,
		0.0,
		0.31404132212566749,
		-8.5530283942288214,
		57.052837256340084,
		1.0
	],
	"intrinsic" : 
	{
		"height" : 1080,
		"intrinsic_matrix" : 
		[
			935.30743608719376,
			0.0,
			0.0,
			0.0,
			935.30743608719376,
			0.0,
			959.5,
			539.5,
			1.0
		],
		"width" : 1920
	},
	"version_major" : 1,
	"version_minor" : 0
}